570e13062d00597483e5aa5e,http://nos.nl/l/2098866
570df5e52d005971b852cb55,http://nos.nl/l/2098841
570eacb72d00591574884311,http://nos.nl/l/2099023
570f71ce2d00593a85808583,http://nos.nl/l/2099107
570f7fcb2d00593d8dd7d260,http://nos.nl/l/2099116
570f8dbf2d00593faddffebd,http://nos.nl/l/2099125
570f8dc12d00593faddffebe,http://nos.nl/l/2099123
570f8dc32d00593faddffebf,http://nos.nl/l/2099122
570d00bd2d00594c1f3384fe,http://nos.nl/l/2098727
570e4a8a2d00590989a167ce,http://nos.nl/l/2098922
570e4a8b2d00590989a167cf,http://nos.nl/l/2098919
5704f7252d005949d4a91f43,http://nos.nl/l/2097429
5704f7232d005949d4a91f42,http://nos.nl/l/2097430
5704f7292d005949d4a91f45,http://nos.nl/l/2097426
5704f72e2d005949d4a91f47,http://nos.nl/l/2097422
570f71e92d00593a85808588,http://nos.nl/l/2099097
570f7fc62d00593d8dd7d25d,http://nos.nl/l/2099121
570d6a892d00595bb19499e1,http://nos.nl/l/2098801
570dbd632d0059689787a643,http://nos.nl/l/2098815
570de9242d0059703dc39873,http://nos.nl/l/2098833
570df5e82d005971b852cb56,http://nos.nl/l/2098840
570d23452d00595295f16d11,http://nos.nl/l/2098754
570d311d2d0059556901214e,http://nos.nl/l/2098770
570d31242d00595569012151,http://nos.nl/l/2098761
570d4d4f2d0059590f5a1f5a,http://nos.nl/l/2098787
570d5b5d2d00595a0e3b234e,http://nos.nl/l/2098791
570e2e562d00597b8d6955f9,http://nos.nl/l/2098895
570f39332d00592c94785408,http://nos.nl/l/2099064
570f47632d00592f877fd7bd,http://nos.nl/l/2099065
570f559d2d00593269c507a0,http://nos.nl/l/2099076
570d85032d0059609443b6ec,http://nos.nl/l/2098812
570dd9a02d00596d7384f567,http://nos.nl/l/2098825
570e04492d005972d3242960,http://nos.nl/l/2098852
570e13102d00597483e5aa62,http://nos.nl/l/2098861
570e13112d00597483e5aa63,http://nos.nl/l/2098858
570df5f12d005971b852cb59,http://nos.nl/l/2098836
570e13012d00597483e5aa5b,http://nos.nl/l/2098870
570e13052d00597483e5aa5d,http://nos.nl/l/2098867
570e90c22d005911616d1146,http://nos.nl/l/2098992
570e9f172d0059139f52768a,http://nos.nl/l/2099003
570eacb82d00591574884312,http://nos.nl/l/2099022
570ec8912d0059181a6f68d7,http://nos.nl/l/2099041
570f00bd2d00591f619cba29,http://nos.nl/l/2099046
570fe2102d005953a3656cc2,http://nos.nl/l/2099212
570fb8052d0059466f009fff,http://nos.nl/l/2099174
570fb8072d0059466f00a000,http://nos.nl/l/2099173
570fb8092d0059466f00a001,http://nos.nl/l/2099172
570fb80d2d0059466f00a005,http://nos.nl/l/2099162
570fc5e82d0059484cd1c991,http://nos.nl/l/2099199
570fc5ea2d0059484cd1c994,http://nos.nl/l/2099194
570f9c042d00594218fd691c,http://nos.nl/l/2099142
5704f7282d005949d4a91f44,http://nos.nl/l/2097428
570fb80c2d0059466f00a004,http://nos.nl/l/2099164
570e66b72d00590d9bf5f0d8,http://nos.nl/l/2098946
570e12ff2d00597483e5aa5a,http://nos.nl/l/2098871
570de9292d0059703dc39875,http://nos.nl/l/2098829
570d23432d00595295f16d10,http://nos.nl/l/2098755
570ff0222d0059575ef5f05e,http://nos.nl/l/2099224
570fc5e92d0059484cd1c993,http://nos.nl/l/2099197
570fb80a2d0059466f00a002,http://nos.nl/l/2099170
570faa002d0059451149ffd9,http://nos.nl/l/2099154
570faa022d0059451149ffdb,http://nos.nl/l/2099148
570f7fcc2d00593d8dd7d261,http://nos.nl/l/2099113
570f63a72d005934a8bfb85c,http://nos.nl/l/2099092
570ee5512d00591b0911684f,http://nos.nl/l/2099044
570e66ac2d00590d9bf5f0d5,http://nos.nl/l/2098954
570e3cfc2d00590565a3bd35,http://nos.nl/l/2098913
570e20702d005979d2851330,http://nos.nl/l/2098889
570e20782d005979d2851334,http://nos.nl/l/2098873
570e130c2d00597483e5aa60,http://nos.nl/l/2098863
570e13092d00597483e5aa5f,http://nos.nl/l/2098864
570e130f2d00597483e5aa61,http://nos.nl/l/2098862
570e044e2d005972d3242962,http://nos.nl/l/2098850
570de92c2d0059703dc39876,http://nos.nl/l/2098827
570de9272d0059703dc39874,http://nos.nl/l/2098830
570d77332d00595e5f218c56,http://nos.nl/l/2098810
570d3f8e2d005957abe39dce,http://nos.nl/l/2098776
570d00c52d00594c1f338502,http://nos.nl/l/2098706
570d00c62d00594c1f338503,http://nos.nl/l/2098703
570d00bf2d00594c1f3384ff,http://nos.nl/l/2098720
570f47622d00592f877fd7bc,http://nos.nl/l/2099067
570e13042d00597483e5aa5c,http://nos.nl/l/2098869
570daf342d005965694b13dd,http://nos.nl/l/2098814
570d00bc2d00594c1f3384fd,http://nos.nl/l/2098730
5704f6f92d005949d4a91f35,http://nos.nl/l/2097459
570ff7582d00595b4aa3e363,http://nos.nl/l/2099227
570ff0292d0059575ef5f060,http://nos.nl/l/2099216
570fe2162d005953a3656cc4,http://nos.nl/l/2099209
570fd3f22d00594e2ad35939,http://nos.nl/l/2099204
570fd3f32d00594e2ad3593a,http://nos.nl/l/2099202
570fc5f52d0059484cd1c996,http://nos.nl/l/2099182
570fc5f62d0059484cd1c997,http://nos.nl/l/2099179
570fb80b2d0059466f00a003,http://nos.nl/l/2099168
570f9c032d00594218fd691b,http://nos.nl/l/2099145
570f9c082d00594218fd691e,http://nos.nl/l/2099136
570f8dbd2d00593faddffebb,http://nos.nl/l/2099129
570f7fc72d00593d8dd7d25e,http://nos.nl/l/2099118
570f7fc82d00593d8dd7d25f,http://nos.nl/l/2099117
570f71d12d00593a85808585,http://nos.nl/l/2099104
570f63a62d005934a8bfb85b,http://nos.nl/l/2099096
570f63a82d005934a8bfb85d,http://nos.nl/l/2099088
570f47612d00592f877fd7bb,http://nos.nl/l/2099068
570f39362d00592c94785409,http://nos.nl/l/2099063
570eacb52d00591574884310,http://nos.nl/l/2099026
570eacb92d00591574884313,http://nos.nl/l/2099017
570e9f192d0059139f52768b,http://nos.nl/l/2098997
570e589b2d00590b05d0690c,http://nos.nl/l/2098940
570e3cfc2d00590565a3bd34,http://nos.nl/l/2098914
570e3cfe2d00590565a3bd36,http://nos.nl/l/2098909
570e3cfa2d00590565a3bd33,http://nos.nl/l/2098916
570e2e4e2d00597b8d6955f5,http://nos.nl/l/2098902
570df5ea2d005971b852cb57,http://nos.nl/l/2098839
570dd9a02d00596d7384f568,http://nos.nl/l/2098822
570da1272d005963eaa1b1b1,http://nos.nl/l/2098813
570dbd602d0059689787a642,http://nos.nl/l/2098816
570d5b552d00595a0e3b234c,http://nos.nl/l/2098794
570d3f8c2d005957abe39dcd,http://nos.nl/l/2098782
570d31262d00595569012152,http://nos.nl/l/2098760
570d31222d00595569012150,http://nos.nl/l/2098763
570d23512d00595295f16d13,http://nos.nl/l/2098751
570d23532d00595295f16d14,http://nos.nl/l/2098749
570d050a2d00594eb8df5089,http://nos.nl/l/2098735
570d00df2d00594c1f33850e,http://nos.nl/l/2098688
570d00c82d00594c1f338504,http://nos.nl/l/2098702
570d00d42d00594c1f338509,http://nos.nl/l/2098693
570d00dd2d00594c1f33850d,http://nos.nl/l/2098689
570d00c12d00594c1f338500,http://nos.nl/l/2098716
570d00c32d00594c1f338501,http://nos.nl/l/2098714
5704f6fd2d005949d4a91f37,http://nos.nl/l/2097457
570fc5f72d0059484cd1c998,http://nos.nl/l/2099177
570fa9ff2d0059451149ffd8,http://nos.nl/l/2099156
570f71cf2d00593a85808584,http://nos.nl/l/2099106
570f55a22d00593269c507a2,http://nos.nl/l/2099071
570f559c2d00593269c5079f,http://nos.nl/l/2099078
570f475f2d00592f877fd7ba,http://nos.nl/l/2099069
570f559b2d00593269c5079e,http://nos.nl/l/2099080
570ec8932d0059181a6f68d8,http://nos.nl/l/2099035
570e747f2d00590eb8a881db,http://nos.nl/l/2098965
570e747e2d00590eb8a881da,http://nos.nl/l/2098966
570e66aa2d00590d9bf5f0d4,http://nos.nl/l/2098956
570e58962d00590b05d0690a,http://nos.nl/l/2098945
570d4d532d0059590f5a1f5c,http://nos.nl/l/2098784
570d4d512d0059590f5a1f5b,http://nos.nl/l/2098785
570d06832d00594ecce1e15f,http://nos.nl/l/2098736
570d00cd2d00594c1f338506,http://nos.nl/l/2098699
570d00d82d00594c1f33850b,http://nos.nl/l/2098691
5704f7132d005949d4a91f3d,http://nos.nl/l/2097446
5704f7212d005949d4a91f41,http://nos.nl/l/2097435
5704f72b2d005949d4a91f46,http://nos.nl/l/2097423
5704f7162d005949d4a91f3e,http://nos.nl/l/2097442
570f8dbd2d00593faddffeba,http://nos.nl/l/2099130
5704f70c2d005949d4a91f3b,http://nos.nl/l/2097449
5704f71f2d005949d4a91f40,http://nos.nl/l/2097438
570e12fe2d00597483e5aa59,http://nos.nl/l/2098872
570e83492d00590fbfc374e2,http://nos.nl/l/2098971
570e748b2d00590eb8a881e0,http://nos.nl/l/2098958
570e748a2d00590eb8a881df,http://nos.nl/l/2098959
570e2e542d00597b8d6955f8,http://nos.nl/l/2098899
570e3cff2d00590565a3bd37,http://nos.nl/l/2098908
570e2e512d00597b8d6955f7,http://nos.nl/l/2098900
570e74882d00590eb8a881de,http://nos.nl/l/2098960
570e58a02d00590b05d06910,http://nos.nl/l/2098929
5704f7032d005949d4a91f39,http://nos.nl/l/2097453
570fd3f42d00594e2ad3593b,http://nos.nl/l/2099201
570f8dbe2d00593faddffebc,http://nos.nl/l/2099126
570ed68f2d005919de0e6490,http://nos.nl/l/2099043
570eacbe2d00591574884315,http://nos.nl/l/2099014
570e90cb2d005911616d1148,http://nos.nl/l/2098988
570e589d2d00590b05d0690e,http://nos.nl/l/2098938
570e589b2d00590b05d0690d,http://nos.nl/l/2098939
570d23552d00595295f16d15,http://nos.nl/l/2098748
5704f7002d005949d4a91f38,http://nos.nl/l/2097455
5704f6fb2d005949d4a91f36,http://nos.nl/l/2097458
5704f70e2d005949d4a91f3c,http://nos.nl/l/2097448
5704f7042d005949d4a91f3a,http://nos.nl/l/2097452
5704f7192d005949d4a91f3f,http://nos.nl/l/2097439
5704f7302d005949d4a91f48,http://nos.nl/l/2097414
570f1d002d005925e33659de,http://nos.nl/l/2099049
570ef2a52d00591c946e9371,http://nos.nl/l/2099045
570ebae52d005916c94ec0ed,http://nos.nl/l/2099030
570e66b02d00590d9bf5f0d7,http://nos.nl/l/2098952
570e74822d00590eb8a881dc,http://nos.nl/l/2098962
570e83432d00590fbfc374e1,http://nos.nl/l/2098976
570e66ad2d00590d9bf5f0d6,http://nos.nl/l/2098953
570e4a822d00590989a167cc,http://nos.nl/l/2098926
570d4d552d0059590f5a1f5d,http://nos.nl/l/2098783
570d5b562d00595a0e3b234d,http://nos.nl/l/2098793
570e20742d005979d2851332,http://nos.nl/l/2098887
570e20712d005979d2851331,http://nos.nl/l/2098888
570d23492d00595295f16d12,http://nos.nl/l/2098681
570d23572d00595295f16d16,http://nos.nl/l/2098747
570d311f2d0059556901214f,http://nos.nl/l/2098767
570d00e12d00594c1f33850f,http://nos.nl/l/2098687
570d00da2d00594c1f33850c,http://nos.nl/l/2098690
570d00d12d00594c1f338508,http://nos.nl/l/2098694
570d00d52d00594c1f33850a,http://nos.nl/l/2098692
570d00e42d00594c1f338510,http://nos.nl/l/2098707
570d00ca2d00594c1f338505,http://nos.nl/l/2098701
570d00ce2d00594c1f338507,http://nos.nl/l/2098697
570f9c0d2d00594218fd6920,http://nos.nl/l/2099133
570f9c062d00594218fd691d,http://nos.nl/l/2099141
570f9c0a2d00594218fd691f,http://nos.nl/l/2099134
570d15762d005950e818d1b5,http://nos.nl/l/2098746
570d067f2d00594ecce1e15e,http://nos.nl/l/2098737
570d157b2d005950e818d1b6,http://nos.nl/l/2098744
570eacbc2d00591574884314,http://nos.nl/l/2099016
570e90cd2d005911616d1149,http://nos.nl/l/2098986
570e9f122d0059139f527689,http://nos.nl/l/2099005
570f1d052d005925e33659df,http://nos.nl/l/2099047
570f2b292d00592a466fee83,http://nos.nl/l/2099059
570f39382d00592c9478540a,http://nos.nl/l/2099061
570e04512d005972d3242963,http://nos.nl/l/2098846
570e044b2d005972d3242961,http://nos.nl/l/2098851
570e045f2d005972d3242965,http://nos.nl/l/2098844
570df5f22d005971b852cb5a,http://nos.nl/l/2098834
570e04572d005972d3242964,http://nos.nl/l/2098845
570df5ec2d005971b852cb58,http://nos.nl/l/2098837
570e58982d00590b05d0690b,http://nos.nl/l/2098942
570e4a872d00590989a167cd,http://nos.nl/l/2098924
570e589e2d00590b05d0690f,http://nos.nl/l/2098933
570fe2122d005953a3656cc3,http://nos.nl/l/2099210
570ff0242d0059575ef5f05f,http://nos.nl/l/2099222
570fe2172d005953a3656cc5,http://nos.nl/l/2099206
570faa032d0059451149ffdc,http://nos.nl/l/2099146
570fb80f2d0059466f00a006,http://nos.nl/l/2099158
570fc5e52d0059484cd1c990,http://nos.nl/l/2099200
570f63b42d005934a8bfb85f,http://nos.nl/l/2099083
570f71e62d00593a85808587,http://nos.nl/l/2099099
570f559e2d00593269c507a1,http://nos.nl/l/2099074
570d77352d00595e5f218c57,http://nos.nl/l/2098808
570fc5e92d0059484cd1c992,http://nos.nl/l/2099198
570faa022d0059451149ffda,http://nos.nl/l/2099151
570e74872d00590eb8a881dd,http://nos.nl/l/2098961
570e2e502d00597b8d6955f6,http://nos.nl/l/2098901
570e20772d005979d2851333,http://nos.nl/l/2098879
570d233a2d00595295f16d0f,http://nos.nl/l/2098757
570dcbc62d00596b1c06e5f7,http://nos.nl/l/2098820
570dcbd22d00596b1c06e5f8,http://nos.nl/l/2098818
570e90c32d005911616d1147,http://nos.nl/l/2098989
570f1ced2d005925e33659dc,http://nos.nl/l/2099053
570f1cf72d005925e33659dd,http://nos.nl/l/2099051
570f63aa2d005934a8bfb85e,http://nos.nl/l/2097972
570f71d32d00593a85808586,http://nos.nl/l/2099102
570fc5eb2d0059484cd1c995,http://nos.nl/l/2099192
